,total_voltage,total_current,soc,temp_max,temp_min,motor_voltage,motor_current,total_P,motor_P,tempMAXMINdiff,SOCgap,speed,mileage,milediff,speeddiff,milegap
0,2.888102679040316,-0.2103755885434259,1.4329281308912754,1.1535250493379259,-0.09088287382495708,-42.88729259611476,-0.32333441302787397,-0.1999732780417135,-0.3200012472157545,3.790260961675866,-1.6167856582914277,0.0,36470.2,0.0,,0.0
